material,database_release,dataset_name,uuid_version_or_id,region,reference_year,reference_flow_and_unit,source_url,accessed,decision
Stainless steel,TianGong public catalog (accessed 2026-10-08),steel billet 304 stainless steel mixed technology production consequential,2ce9c8a2-7b08-4238-a131-44519eecd5d7@01.01.000,China,2022,not exposed in catalog record,https://www.tiangong.earth/en/process/2ce9c8a2-7b08-4238-a131-44519eecd5d7%4001.01.000,2026-10-08,Candidate only; billet grade/form mismatch and reference flow not verified
Brass,TianGong public catalog (accessed 2026-10-08),No verified brass production process; product flow only,e422cfbf-5444-43ab-a68a-22be82e2ad47@01.00.000,Unknown,Unknown,product flow record,https://lcdn.tiangong.earth/datasetdetail/productFlow.xhtml?uuid=e422cfbf-5444-43ab-a68a-22be82e2ad47&version=01.00.000,2026-10-08,Rejected as provider; flow record is not a process LCI
Copper,TianGong 01.01.001,Primary copper production refined copper flash smelting,47377856-2d3c-422f-8395-e401be885247@01.01.001,Anhui China,2022,1000 kg refined copper,https://www.tiangong.earth/de/process/47377856-2d3c-422f-8395-e401be885247%4001.01.001,2026-10-08,Candidate; component alloy/form and provider link still unverified
Polypropylene (PP),TianGong 00.01.005,PP production and waste PP materials,7abd5477-a1de-4af0-abdb-367ceaa116f4@00.01.005,China,1995,1000 kg,https://lcdn.tiangong.earth/datasetdetail/process.xhtml?uuid=7abd5477-a1de-4af0-abdb-367ceaa116f4&version=00.01.005,2026-10-08,Not accepted; includes waste/disposal and old year
Polypropylene (PP),USLCI 1.2026-09.0 release listed in supplied release-downloads.md,Polypropylene PP virgin resin at plant candidate found embedded in scanner manufacturing process,7bb0a646-ffd2-315b-b8c7-f931492dbed9,North America,underlying data references Ecoinvent regional data; process reference year not verified,flow input to device process not independent resin-production reference flow,https://lcacommons.gov/lca-collaboration/National_Renewable_Energy_Laboratory/USLCI_Database_Public/dataset/PROCESS/7bb0a646-ffd2-315b-b8c7-f931492dbed9,2026-10-08,Not accepted; scanner unit process contains PP exchange; this is not evidence of a PP production process
Polyvinyl chloride (PVC),USLCI 1.2026-09.0 release listed in supplied release-downloads.md,Polyvinyl chloride PVC virgin resin at plant,3dbccdda-2014-4239-ad1f-4e15c034942b,United States,primary data collected 2015,1 kg PVC resin at plant; gate-to-gate,https://lcacommons.gov/lca-collaboration/National_Renewable_Energy_Laboratory/USLCI_Database_Public/dataset/PROCESS/3dbccdda-2014-4239-ad1f-4e15c034942b,2026-10-08,Candidate process; gate-to-gate and US scope require upstream VCM/EDC provider linkage; suspension grade may not match kettle compound
Stainless steel,USLCI 1.2026-09.0 release listed in supplied release-downloads.md,Steel stainless 304 flat rolled coil,0381ede3-9567-44c0-9200-cbbef872097e,North America,not verified,large-scale coil reference flow; exact unit not verified from page excerpt,https://lcacommons.gov/lca-collaboration/National_Renewable_Energy_Laboratory/USLCI_Database_Public/dataset/PROCESS/0381ede3-9567-44c0-9200-cbbef872097e,2026-10-08,Candidate; plausible grade/form but reference flow, scope, current version and upstream provider closure require inspection
Polycarbonate (PC),USLCI 1.2026-09.0 release listed in supplied release-downloads.md,Polycarbonate at plant candidate shown in scanner process,7d4b3e99-113c-3279-b856-b904eb9295fc,North America,not verified,flow input within scanner process only,https://lcacommons.gov/lca-collaboration/National_Renewable_Energy_Laboratory/USLCI_Database_Public/dataset/PROCESS/7d4b3e99-113c-3279-b856-b904eb9295fc,2026-10-08,Not accepted; product flow inside unrelated scanner unit process, not PC production process
Cardboard packaging,USLCI 1.2026-09.0 release listed in supplied release-downloads.md,Corrugated product average production at mill candidate shown in scanner process,1296738e-d64f-3837-a793-bc33f491e292,North America,not verified,flow input within scanner process; board type average,https://lcacommons.gov/lca-collaboration/National_Renewable_Energy_Laboratory/USLCI_Database_Public/dataset/PROCESS/1296738e-d64f-3837-a793-bc33f491e292,2026-10-08,Not accepted; exchange within unrelated scanner process, does not establish a provider
All other BOM materials,USLCI 1.2026-09.0 release listed in supplied release-downloads.md,No exact independent production process confirmed from public search,not verified,not verified,not verified,not verified,https://www.lcacommons.gov/lca-collaboration/National_Renewable_Energy_Laboratory/USLCI_Database_Public/datasets,2026-10-08,Search not exhaustive; resin grades/alloys/silicone formulation and product form must be queried in downloaded database before selection
