material,database,release,dataset_candidate,uuid_version,geography,year,reference_flow,source,retrieval_date,decision
Stainless steel,TianGong,public catalog 2026-10-08,"steel billet, 304 stainless steel, mixed technology | production | consequential",2ce9c8a2-7b08-4238-a131-44519eecd5d7@01.01.000,China,2022,not exposed in public record,https://www.tiangong.earth/en/process/2ce9c8a2-7b08-4238-a131-44519eecd5d7%4001.01.000,2026-10-08,Candidate only: reference flow incomplete; billet/form mismatch unresolved
Brass,TianGong,public catalog 2026-10-08,No verified production process; product flow only,e422cfbf-5444-43ab-a68a-22be82e2ad47@01.00.000,Unknown,Unknown,flow record not process reference flow,https://lcdn.tiangong.earth/datasetdetail/productFlow.xhtml?uuid=e422cfbf-5444-43ab-a68a-22be82e2ad47&version=01.00.000,2026-10-08,Not accepted: flow record is not LCI
Copper,TianGong,01.01.001,"Primary copper production; Refined copper; flash smelting and flash converting; copper ore; ... CN-AH",47377856-2d3c-422f-8395-e401be885247@01.01.001,Anhui China,2022,1000 kg refined copper,https://www.tiangong.earth/de/process/47377856-2d3c-422f-8395-e401be885247%4001.01.001,2026-10-08,Candidate only: refined copper may not match component stock
Polypropylene (PP),TianGong,00.01.005,"PP production and waste; PP materials",7abd5477-a1de-4af0-abdb-367ceaa116f4@00.01.005,China,1995,1000 kg,https://lcdn.tiangong.earth/datasetdetail/process.xhtml?uuid=7abd5477-a1de-4af0-abdb-367ceaa116f4&version=00.01.005,2026-10-08,Not accepted as-is: description includes waste/disposal; old year
Polypropylene (PP),TianGong,00.01.005,"Polypropylene (PP) Production; Coal to Polypropylene; GLLMTP",31d0631d-8746-4a6e-ae8c-114b47eb8b47@00.01.005,China,2005,1 tonne coal-based PP,https://lcdn.tiangong.earth/datasetdetail/process.xhtml?lang=en&uuid=31d0631d-8746-4a6e-ae8c-114b47eb8b47&version=00.01.005,2026-10-08,Alternative only: coal route requires supplier confirmation
Polyvinyl chloride (PVC),TianGong,00.01.005,"polyvinyl chloride production; primary polyvinyl chloride; 150000t/a; ethylene",24fca75a-cefc-483b-8168-e349eb15c25b@00.01.005,China,Unknown,1000 kg PVC output,https://lcdn.tiangong.earth/datasetdetail/process.xhtml?lang=en&uuid=24fca75a-cefc-483b-8168-e349eb15c25b&version=00.01.005,2026-10-08,Candidate only: year/route fit unresolved
"Nylon, grade unspecified",TianGong,public search 2026-10-08,No verified grade-specific production provider,Unknown,Unknown,Unknown,Unknown,https://www.tiangong.earth/en/lca-database,2026-10-08,Search did not verify match; not proof none exists
Polyoxymethylene (POM),TianGong,public search 2026-10-08,No verified grade-specific production provider,Unknown,Unknown,Unknown,Unknown,https://www.tiangong.earth/en/lca-database,2026-10-08,Search did not verify match; not proof none exists
Polycarbonate (PC),TianGong,public search 2026-10-08,No verified grade-specific production provider,Unknown,Unknown,Unknown,Unknown,https://www.tiangong.earth/en/lca-database,2026-10-08,Search did not verify match; not proof none exists
Acrylonitrile-butadiene-styrene (ABS),TianGong,public search 2026-10-08,No verified grade-specific production provider,Unknown,Unknown,Unknown,Unknown,https://www.tiangong.earth/en/lca-database,2026-10-08,Search did not verify match; not proof none exists
Silicone,TianGong,public search 2026-10-08,No verified grade-specific production provider,Unknown,Unknown,Unknown,Unknown,https://www.tiangong.earth/en/lca-database,2026-10-08,Search did not verify match; not proof none exists
LDPE packaging foil,TianGong,00.01.005,"Low Density Polyethylene (LDPE) production; LDPE",218eaad4-dfc5-4a21-abd3-2e9dd0997fe3@00.01.005,China with Europe fallback,2020,1 kg resin,https://lcdn.tiangong.earth/datasetdetail/process.xhtml?lang=en&uuid=218eaad4-dfc5-4a21-abd3-2e9dd0997fe3&version=00.01.005,2026-10-08,Candidate resin only; film conversion absent
Cardboard packaging,TianGong,00.01.005,"Corrugated board production; Corrugated cardboard, non deinked waste paper; Production mix, in the factory",d3954d8b-62a4-4cf0-bb69-bc365be781dd@01.01.000,China,2021,1000 kg corrugated cardboard,https://lcdn.tiangong.earth/datasetdetail/process.xhtml?lang=en&uuid=d3954d8b-62a4-4cf0-bb69-bc365be781dd&version=00.01.005,2026-10-08,Candidate only: verify actual board/recycled share
